{
  "years": [
    1950,
    1951,
    1952,
    1953,
    1954,
    1955,
    1956,
    1957,
    1958,
    1959,
    1960,
    1961,
    1962,
    1963,
    1964,
    1965,
    1966,
    1967,
    1968,
    1969,
    1970,
    1971,
    1972,
    1973,
    1974,
    1975,
    1976,
    1977,
    1978,
    1979,
    1980,
    1981,
    1982,
    1983,
    1984,
    1985,
    1986,
    1987,
    1988,
    1989,
    1990,
    1991,
    1992,
    1993,
    1994,
    1995,
    1996,
    1997,
    1998,
    1999,
    2000,
    2001,
    2002,
    2003,
    2004,
    2005,
    2006,
    2007,
    2008,
    2009,
    2010,
    2011,
    2012,
    2013,
    2014,
    2015,
    2016,
    2017,
    2018,
    2019,
    2020,
    2021,
    2022,
    2023
  ],
  "series": {
    "RR": [
      1.9441877794336762,
      2.1303943334390527,
      2.15156313438896,
      1.2081382978723416,
      1.4471428571428635,
      1.6497468075737607,
      1.32499178981938,
      1.745228788227178,
      2.384203626829799,
      1.5517200087089054,
      2.272225725094581,
      1.8353479463715725,
      1.8099276441796175,
      1.8884544618215333,
      1.4335074083070247,
      2.406000244409141,
      2.3767694063926976,
      1.8182876712328853,
      1.9776912811387954,
      1.719560764679116,
      1.8049025262429386,
      1.7456621004566262,
      1.4514308246958099,
      1.4967358358591778,
      1.5845860631328195,
      1.7065279852890505,
      1.4082796580395835,
      2.146713238662391,
      1.909748858447497,
      2.2471461187214676,
      1.8993055555555542,
      2.0265639269406424,
      2.0722260273972606,
      2.0291210045662154,
      2.3339531301573344,
      1.739121004566209,
      1.800883002207507,
      1.868262538996888,
      1.9387794088075618,
      1.493025941719976,
      1.490558429034808,
      1.5428952577674535,
      1.8227024341778575,
      1.7595941883767618,
      2.4398274124464567,
      2.0546306060418185,
      1.6491223793271723,
      1.7750808680821155,
      2.079530163713842,
      2.571446250773441,
      2.2863175965665095,
      2.31249854261395,
      2.1657990867579815,
      1.8338445923085747,
      1.7635394578486066,
      1.2279901079136808,
      1.900963800126231,
      2.005881667152442,
      1.9236930178880818,
      1.7237238469202554,
      1.7351786965662424,
      1.5841470951792576,
      2.1714917702166496,
      2.25843635148682,
      2.11871700634817,
      1.769021049114627,
      1.8333423289704864,
      1.6431643835616743,
      2.105292887029312,
      1.9095890410959189,
      1.9135387784203863,
      1.9057957466698174,
      1.3862842465753253,
      2.050547945205491
    ],
    "TN": [
      7.324109589041097,
      6.949726027397268,
      6.797404371584702,
      6.0813698630137045,
      5.364341085271321,
      6.812876712328764,
      5.812841530054643,
      7.099589041095894,
      7.035525114155249,
      7.041788958770081,
      7.224005582693651,
      7.376737451737455,
      5.841552511415531,
      5.429860139860135,
      6.2702868852458975,
      5.9152739726027415,
      6.908219178082189,
      6.56571187868575,
      6.429469164715051,
      6.416947162426596,
      6.3395205479452175,
      5.8288698630136855,
      5.93496216897855,
      5.766362252663616,
      6.380608828006088,
      6.149289891395146,
      5.915652951699459,
      6.235672514619895,
      5.637945205479446,
      5.991178082191787,
      5.538251366120212,
      6.6820547945205595,
      6.887479452054797,
      6.577150684931502,
      5.882052006783494,
      5.1910410958904105,
      5.621826484018263,
      6.210502283105029,
      7.17079269817455,
      7.037146118721463,
      6.952378580323796,
      6.242814445828152,
      6.689576160512869,
      6.46949630151462,
      8.147829123501362,
      7.3719292237442895,
      6.01107151069211,
      7.229109173197928,
      7.0658264166410625,
      7.81638093246912,
      7.925276971065945,
      7.7191091314030995,
      7.898167938931306,
      7.756619718309846,
      7.247310420076389,
      7.256900499583686,
      7.970366035326649,
      7.638849315068492,
      7.11409691629954,
      6.970905543440834,
      6.296198630136968,
      8.020666512381373,
      7.19053219291993,
      7.200297796307324,
      8.257510422870745,
      7.847194758785006,
      7.344274174388199,
      7.735390113162594,
      8.144071216617215,
      7.891643835616407,
      8.522764311500751,
      7.420419870621263,
      8.510839041095911,
      8.824400684931511
    ],
    "TM": [
      11.34587912087911,
      11.01381215469613,
      11.170491803278685,
      11.2543956043956,
      10.896164383561635,
      11.341095890410962,
      10.040384615384616,
      11.288219178082178,
      10.99093406593407,
      12.370329670329673,
      11.246721311475408,
      12.149863013698631,
      10.608219178082187,
      9.953150684931504,
      10.837158469945352,
      10.150410958904116,
      11.042465753424649,
      10.821643835616443,
      10.439890710382516,
      10.789041095890417,
      10.637534246575347,
      10.507397260273965,
      10.334972677595633,
      10.523287671232877,
      10.954520547945208,
      10.771506849315065,
      11.633333333333338,
      10.926849315068493,
      10.527397260273968,
      10.883013698630137,
      10.612021857923501,
      11.924931506849315,
      11.821369863013695,
      11.193424657534258,
      10.682240437158471,
      9.969041095890415,
      10.275342465753425,
      10.367397260273965,
      11.421857923497264,
      12.019999999999992,
      12.331780821917802,
      10.835342465753424,
      11.301717408274792,
      10.839001956947179,
      12.351154598825865,
      12.013515981735178,
      10.799016393442615,
      12.173913043478304,
      11.521009351822014,
      12.130846091861432,
      12.127790788446514,
      11.73487630899988,
      12.192100456620988,
      12.465504112092631,
      11.669160395455174,
      11.922838745033584,
      12.268009316344719,
      11.804647655607344,
      11.497539449050556,
      11.741192826359017,
      10.831016995614087,
      12.783235867446361,
      11.542076502732263,
      11.338658976207668,
      12.58637806637811,
      12.504974765681414,
      11.862136899626115,
      12.409563078703663,
      12.731727023517536,
      12.812621480189392,
      13.190712795975948,
      12.146088849059003,
      13.492495074332764,
      13.432842465753426
    ],